1;orrigawel-9767@yopmail.com;Otto;;Gawel;Perez;5/01/1999;123456;50;5/06/2005
2;eryxalom-4690@yopmail.com;David;;Xalom;;6/02/1999;123456;50;6/06/2005
3;meddenaryg-5728@yopmail.com;Ronal;;Denary;Hurtado;7/03/1999;123456;50;7/06/2005
4;esaffuwu-9156@yopmail.com;Jenner;Alexander;Gawel;Asturias;8/04/1999;123456;50;8/06/2005
5;sdfadfsdf@yopmail.com;Mario;;Denary;;9/05/1999;123456;50;9/06/2005
6;WAG@yopmail.com;Woody;Alejandro;Gutierres;;5/06/1999;123456;50;1/09/2020
7;MRC@yopmail.com;Macbeth;;Recinos;Campos;6/07/1999;123456;50;2/09/2020
8;FS@yopmail.com;Francis;;Soto;;7/08/1999;123456;50;3/09/2020
9;JTG@yopmail.com;Justin;Tadeo;Garcia;;24/09/1999;123456;50;4/09/2020
10;TBC@yopmail.com;Troy;;Bolton;Campollo;9/10/1999;123456;50;5/09/2020
11;BR@yopmail.com;Berto;;Rodriguez;;5/11/1999;123456;50;6/09/2020
12;RFG@yopmail.com;Roderico;Federico;Gomez;;14/12/1999;123456;50;7/09/2020
13;RO@yopmail.com;Radulfo;;Orellana;Paz;7/03/1999;123456;50;8/09/2020
14;GM@yopmail.com;Günther;;Macario;;8/04/1999;123456;50;9/09/2020
15;RVL@yopmail.com;Raimundo;;Velazquez;Lopez;19/05/1999;123456;50;10/09/2020
16;OAB@yopmail.com;Omar;Alejandro;Banay;;5/01/1998;123456;50;11/09/2020
17;AG@yopmail.com;Aaron;;Giron;;6/02/1998;123456;50;12/09/2020
18;SMP@yopmail.com;Sammy;;Marquez;Perez;7/03/1998;123456;50;13/09/2020
19;JRSO@yopmail.com;Javier ;Rafaél;Salazar;Orozco;8/04/1998;123456;50;14/09/2020
20;ORV@yopmail.com;Otto;Raúl;Vargas;;9/05/1998;123456;50;15/09/2020
21;MAMG@yopmail.com;Mario;Andrés;Martinez;Gonzalez;5/06/1998;123456;50;16/09/2020
22;JCG@yopmail.com;José;Carlos;Gonzalez;;6/07/1998;123456;50;17/09/2020
23;CPM@yopmail.com;Carlos;;Perez;Marquez;7/08/1998;123456;50;18/09/2020
24;KAGH@yopmail.com;Kevin;Alexander;Garrido;Hurtado;24/09/1997;123456;50;19/09/2020
25;ALP@yopmail.com;Ana;Lucía;Paiz;;9/10/1997;123456;50;20/09/2020
26;LM@yopmail.com;Lucía;;Marroquin;;5/11/1997;123456;50;21/09/2020
27;CFLF@yopmail.com;Camila;Fernanda;Landivar;Flores;14/12/1997;123456;50;22/09/2020
28;FRB@yopmail.com;Fernanda;Rocio;Barrios;;7/03/1997;123456;50;23/09/2020
29;KC@yopmail.com;Karla;;Cruz;;8/04/1997;123456;50;24/09/2020
30;MEH@yopmail.com;María;Eugenia;Hernandez;;19/05/1997;123456;50;25/09/2020
31;NLSR@yopmail.com;Norma;Lucía;Samayoa;Ramirez;5/01/1998;123456;50;26/09/2020
32;AM@yopmail.com;Andrea;;Martinez;;6/02/1998;123456;50;27/09/2020
33;GG@yopmail.com;Guadalupe;;Guitierres;;7/03/1998;123456;50;28/09/2020
34;DG@yopmail.com;Diana;;Garrido;;8/04/1998;123456;50;29/09/2020
35;LEAR@yopmail.com;Laura;Estrella;Alegria;Ruiz;9/05/1998;123456;50;30/09/2020
36;DM@yopmail.com;Daniela;;Martinez;;5/06/1998;123456;50;1/10/2020
37;RPG@yopmail.com;Raimunda;Pancrasia;Gomez;;6/07/1998;123456;50;2/10/2020
38;CMBD@yopmail.com;Carmen;Micaela;Barrios;Dervez;7/08/1998;123456;50;3/10/2020
39;KP@yopmail.com;Karen;;Paiz;;24/09/1997;123456;50;4/10/2020
40;AICS@yopmail.com;Agnes;Izabel;Campos;Sosa;9/10/1997;123456;50;5/10/2020
41;IG@yopmail.com;Isabel;;Giron;;5/11/1997;123456;50;6/10/2020
42;NSR@yopmail.com;Natalia;Sofia;Rodriguez;;14/12/1997;123456;50;7/10/2020
43;FGL@yopmail.com;Fátima;;Gracia;Luna;5/01/1998;123456;50;8/10/2020
44;JET@yopmail.com;Jennifer;Esmeralda;Torres;;6/02/1998;123456;50;9/10/2020
45;SR@yopmail.com;Sofía;;Rios;;7/03/1998;123456;50;10/10/2020
46;MRCP@yopmail.com;Margarita;Rosario;Catillo;Peralta;8/04/1998;123456;50;11/10/2020
47;SN@yopmail.com;Sara;;Nuñez;;9/05/1998;123456;50;12/10/2020
48;JOM@yopmail.com;Jimena;;Olsen;Martir;5/06/1998;123456;50;13/10/2020
49;KFO@yopmail.com;Katherine;Flor;O'doile;;6/07/1998;123456;50;14/10/2020
50;CMV@yopmail.com;Catherine;;Melendez;Vega;7/08/1998;123456;50;15/10/2020
